-- --------------------------------------------------------
-- Host:                         192.168.1.111
-- Server version:               5.5.32-0ubuntu0.12.04.1 - (Ubuntu)
-- Server OS:                    debian-linux-gnu
-- HeidiSQL Version:             8.0.0.4396
-- --------------------------------------------------------

/*!40101 SET @OLD_CHARACTER_SET_CLIENT=@@CHARACTER_SET_CLIENT */;
/*!40101 SET NAMES utf8 */;
/*!40014 SET @OLD_FOREIGN_KEY_CHECKS=@@FOREIGN_KEY_CHECKS, FOREIGN_KEY_CHECKS=0 */;
/*!40101 SET @OLD_SQL_MODE=@@SQL_MODE, SQL_MODE='NO_AUTO_VALUE_ON_ZERO' */;

-- Dumping structure for table flight_status.fs_airlines
DROP TABLE IF EXISTS `fs_airlines`;
CREATE TABLE IF NOT EXISTS `fs_airlines` (
  `iata` varchar(4) DEFAULT NULL,
  `icao` varchar(4) DEFAULT NULL,
  `airline` varchar(81) DEFAULT NULL,
  `call_sign` varchar(23) DEFAULT NULL,
  `country` varchar(37) DEFAULT NULL,
  `comments` varchar(99) DEFAULT NULL
) ENGINE=InnoDB DEFAULT CHARSET=utf8;

-- Dumping data for table flight_status.fs_airlines: ~0 rows (approximately)
/*!40000 ALTER TABLE `fs_airlines` DISABLE KEYS */;
/*!40000 ALTER TABLE `fs_airlines` ENABLE KEYS */;


-- Dumping structure for table flight_status.fs_airports
DROP TABLE IF EXISTS `fs_airports`;
CREATE TABLE IF NOT EXISTS `fs_airports` (
  `airport_id` bigint(20) NOT NULL AUTO_INCREMENT,
  `fs_flight_id` bigint(20) NOT NULL,
  `iata` varchar(20) NOT NULL,
  `icao` varchar(20) NOT NULL,
  `name` varchar(255) NOT NULL,
  `city` varchar(255) NOT NULL,
  `cityCode` varchar(5) NOT NULL,
  `countryCode` varchar(3) NOT NULL,
  `countryName` varchar(150) NOT NULL,
  `regionName` varchar(150) NOT NULL,
  `timeZoneRegionName` varchar(200) NOT NULL,
  `latitude` double NOT NULL,
  `longitude` double NOT NULL,
  `elevationFeet` int(11) NOT NULL,
  `classification` varchar(20) NOT NULL,
  PRIMARY KEY (`airport_id`),
  KEY `fs_flight_id` (`fs_flight_id`),
  CONSTRAINT `fs_airports_ibfk_1` FOREIGN KEY (`fs_flight_id`) REFERENCES `fs_flights` (`fs_flight_id`) ON DELETE CASCADE ON UPDATE CASCADE
) ENGINE=InnoDB AUTO_INCREMENT=7 DEFAULT CHARSET=utf8;

-- Dumping data for table flight_status.fs_airports: ~4 rows (approximately)
/*!40000 ALTER TABLE `fs_airports` DISABLE KEYS */;
INSERT INTO `fs_airports` (`airport_id`, `fs_flight_id`, `iata`, `icao`, `name`, `city`, `cityCode`, `countryCode`, `countryName`, `regionName`, `timeZoneRegionName`, `latitude`, `longitude`, `elevationFeet`, `classification`) VALUES
	(1, 1, 'JED', 'OEJN', 'King Abdulaziz International Airport', 'Jeddah', 'JED', 'SA', 'Saudi Arabia', 'Middle East', 'Asia/Riyadh', 21.670232, 39.150579, 48, '2'),
	(2, 1, 'CAI', 'HECA', 'Cairo International Airport', 'Cairo', 'CAI', 'EG', 'Egypt', 'Middle East', 'Africa/Cairo', 30.120106, 31.406469, 382, '2'),
	(5, 2, 'CAI', 'HECA', 'Cairo International Airport', 'Cairo', 'CAI', 'EG', 'Egypt', 'Middle East', 'Africa/Cairo', 30.120106, 31.406469, 382, '2'),
	(6, 2, 'YNB', 'OEYN', 'Yanbu Airport', 'Yanbu', 'YNB', 'SA', 'Saudi Arabia', 'Middle East', 'Asia/Riyadh', 24.140733, 38.063019, 26, '4');
/*!40000 ALTER TABLE `fs_airports` ENABLE KEYS */;


-- Dumping structure for table flight_status.fs_equipments
DROP TABLE IF EXISTS `fs_equipments`;
CREATE TABLE IF NOT EXISTS `fs_equipments` (
  `equipment_id` bigint(20) NOT NULL AUTO_INCREMENT,
  `fs_flight_id` bigint(20) NOT NULL,
  `iata` varchar(20) NOT NULL,
  `name` varchar(255) NOT NULL,
  `turboProp` varchar(5) NOT NULL,
  `jet` varchar(5) NOT NULL,
  `widebody` varchar(5) NOT NULL,
  `regional` varchar(5) NOT NULL,
  PRIMARY KEY (`equipment_id`),
  KEY `fs_flight_id` (`fs_flight_id`),
  CONSTRAINT `fs_equipments_ibfk_1` FOREIGN KEY (`fs_flight_id`) REFERENCES `fs_flights` (`fs_flight_id`) ON DELETE CASCADE ON UPDATE CASCADE
) ENGINE=InnoDB AUTO_INCREMENT=6 DEFAULT CHARSET=utf8;

-- Dumping data for table flight_status.fs_equipments: ~3 rows (approximately)
/*!40000 ALTER TABLE `fs_equipments` DISABLE KEYS */;
INSERT INTO `fs_equipments` (`equipment_id`, `fs_flight_id`, `iata`, `name`, `turboProp`, `jet`, `widebody`, `regional`) VALUES
	(1, 1, '333', 'Airbus Industrie A330-300', '0', '1', '1', '0'),
	(4, 2, '321', 'Airbus Industrie A321', '0', '1', '0', '0'),
	(5, 2, 'A321', '??', '0', '0', '0', '0');
/*!40000 ALTER TABLE `fs_equipments` ENABLE KEYS */;


-- Dumping structure for table flight_status.fs_flights
DROP TABLE IF EXISTS `fs_flights`;
CREATE TABLE IF NOT EXISTS `fs_flights` (
  `fs_flight_id` bigint(20) NOT NULL AUTO_INCREMENT,
  `fs_status_id` varchar(2) DEFAULT NULL,
  `airline` varchar(2) NOT NULL,
  `flight` varchar(10) NOT NULL,
  `date` date DEFAULT NULL,
  `request` blob,
  `last_update` timestamp NOT NULL DEFAULT '0000-00-00 00:00:00' ON UPDATE CURRENT_TIMESTAMP,
  PRIMARY KEY (`fs_flight_id`),
  UNIQUE KEY `airline` (`airline`,`flight`,`date`)
) ENGINE=InnoDB AUTO_INCREMENT=3 DEFAULT CHARSET=utf8;

-- Dumping data for table flight_status.fs_flights: ~2 rows (approximately)
/*!40000 ALTER TABLE `fs_flights` DISABLE KEYS */;
INSERT INTO `fs_flights` (`fs_flight_id`, `fs_status_id`, `airline`, `flight`, `date`, `request`, `last_update`) VALUES
	(1, 'A', 'SV', '308', '2013-06-16', _binary 0x7B2272657175657374223A7B226169726C696E65223A7B22726571756573746564436F6465223A225356222C226673436F6465223A225356227D2C22666C69676874223A7B22726571756573746564223A22333038222C22696E746572707265746564223A22333038227D2C2264617465223A7B2279656172223A2232303133222C226D6F6E7468223A2236222C22646179223A223136222C22696E746572707265746564223A22323031332D30362D3136227D2C22757463223A7B22726571756573746564223A2274727565222C22696E746572707265746564223A747275657D2C22616972706F7274223A7B7D2C22636F646554797065223A7B7D2C22657874656E6465644F7074696F6E73223A7B7D2C2275726C223A2268747470733A5C2F5C2F6170692E666C6967687473746174732E636F6D5C2F666C65785C2F666C696768747374617475735C2F726573745C2F76325C2F6A736F6E5C2F666C696768745C2F7374617475735C2F53565C2F3330385C2F6172725C2F323031335C2F30365C2F3136227D2C22617070656E646978223A7B226169726C696E6573223A5B7B226673223A225356222C2269617461223A225356222C226963616F223A22535641222C226E616D65223A22536175646961222C22616374697665223A747275657D5D2C22616972706F727473223A5B7B226673223A224A4544222C2269617461223A224A4544222C226963616F223A224F454A4E222C226E616D65223A224B696E6720416264756C617A697A20496E7465726E6174696F6E616C20416972706F7274222C2263697479223A224A6564646168222C2263697479436F6465223A224A4544222C22636F756E747279436F6465223A225341222C22636F756E7472794E616D65223A22536175646920417261626961222C22726567696F6E4E616D65223A224D6964646C652045617374222C2274696D655A6F6E65526567696F6E4E616D65223A22417369615C2F526979616468222C226C6F63616C54696D65223A22323031332D30362D31365431343A31363A31332E313232222C227574634F6666736574486F757273223A332C226C61746974756465223A32312E3637303233322C226C6F6E676974756465223A33392E3135303537392C22656C65766174696F6E46656574223A34382C22636C617373696669636174696F6E223A322C22616374697665223A747275652C2264656C6179496E64657855726C223A2268747470733A5C2F5C2F6170692E666C6967687473746174732E636F6D5C2F666C65785C2F64656C6179696E6465785C2F726573745C2F76315C2F6A736F6E5C2F616972706F7274735C2F4A45443F636F6465547970653D6673222C227765617468657255726C223A2268747470733A5C2F5C2F6170692E666C6967687473746174732E636F6D5C2F666C65785C2F776561746865725C2F726573745C2F76315C2F6A736F6E5C2F616C6C5C2F4A45443F636F6465547970653D6673227D2C7B226673223A22434149222C2269617461223A22434149222C226963616F223A2248454341222C226E616D65223A22436169726F20496E7465726E6174696F6E616C20416972706F7274222C2263697479223A22436169726F222C2263697479436F6465223A22434149222C22636F756E747279436F6465223A224547222C22636F756E7472794E616D65223A224567797074222C22726567696F6E4E616D65223A224D6964646C652045617374222C2274696D655A6F6E65526567696F6E4E616D65223A224166726963615C2F436169726F222C226C6F63616C54696D65223A22323031332D30362D31365431333A31363A31332E313232222C227574634F6666736574486F757273223A322C226C61746974756465223A33302E3132303130362C226C6F6E676974756465223A33312E3430363436392C22656C65766174696F6E46656574223A3338322C22636C617373696669636174696F6E223A322C22616374697665223A747275652C2264656C6179496E64657855726C223A2268747470733A5C2F5C2F6170692E666C6967687473746174732E636F6D5C2F666C65785C2F64656C6179696E6465785C2F726573745C2F76315C2F6A736F6E5C2F616972706F7274735C2F4341493F636F6465547970653D6673222C227765617468657255726C223A2268747470733A5C2F5C2F6170692E666C6967687473746174732E636F6D5C2F666C65785C2F776561746865725C2F726573745C2F76315C2F6A736F6E5C2F616C6C5C2F4341493F636F6465547970653D6673227D5D2C2265717569706D656E7473223A5B7B2269617461223A22333333222C226E616D65223A2241697262757320496E6475737472696520413333302D333030222C22747572626F50726F70223A66616C73652C226A6574223A747275652C2277696465626F6479223A747275652C22726567696F6E616C223A66616C73657D5D7D2C22666C696768745374617475736573223A5B7B22666C696768744964223A3239393938353637382C22636172726965724673436F6465223A225356222C22666C696768744E756D626572223A22333038222C22646570617274757265416972706F72744673436F6465223A22434149222C226172726976616C416972706F72744673436F6465223A224A4544222C2264657061727475726544617465223A7B22646174654C6F63616C223A22323031332D30362D31365430323A32303A30302E303030222C2264617465557463223A22323031332D30362D31365430303A32303A30302E3030305A227D2C226172726976616C44617465223A7B22646174654C6F63616C223A22323031332D30362D31365430353A32353A30302E303030222C2264617465557463223A22323031332D30362D31365430323A32353A30302E3030305A227D2C22737461747573223A224C222C227363686564756C65223A7B22666C6967687454797065223A224A222C2273657276696365436C6173736573223A224A59222C227265737472696374696F6E73223A22227D2C226F7065726174696F6E616C54696D6573223A7B227075626C6973686564446570617274757265223A7B22646174654C6F63616C223A22323031332D30362D31365430323A32303A30302E303030222C2264617465557463223A22323031332D30362D31365430303A32303A30302E3030305A227D2C227075626C69736865644172726976616C223A7B22646174654C6F63616C223A22323031332D30362D31365430353A32353A30302E303030222C2264617465557463223A22323031332D30362D31365430323A32353A30302E3030305A227D2C227363686564756C656447617465446570617274757265223A7B22646174654C6F63616C223A22323031332D30362D31365430323A32303A30302E303030222C2264617465557463223A22323031332D30362D31365430303A32303A30302E3030305A227D2C22657374696D6174656447617465446570617274757265223A7B22646174654C6F63616C223A22323031332D30362D31365430323A30393A30302E303030222C2264617465557463223A22323031332D30362D31365430303A30393A30302E3030305A227D2C2261637475616C47617465446570617274757265223A7B22646174654C6F63616C223A22323031332D30362D31365430323A31303A30302E303030222C2264617465557463223A22323031332D30362D31365430303A31303A30302E3030305A227D2C2261637475616C52756E776179446570617274757265223A7B22646174654C6F63616C223A22323031332D30362D31365430323A32353A30302E303030222C2264617465557463223A22323031332D30362D31365430303A32353A30302E3030305A227D2C227363686564756C6564476174654172726976616C223A7B22646174654C6F63616C223A22323031332D30362D31365430353A32353A30302E303030222C2264617465557463223A22323031332D30362D31365430323A32353A30302E3030305A227D2C22657374696D61746564476174654172726976616C223A7B22646174654C6F63616C223A22323031332D30362D31365430353A32303A30302E303030222C2264617465557463223A22323031332D30362D31365430323A32303A30302E3030305A227D2C2261637475616C476174654172726976616C223A7B22646174654C6F63616C223A22323031332D30362D31365430353A31343A30302E303030222C2264617465557463223A22323031332D30362D31365430323A31343A30302E3030305A227D2C2261637475616C52756E7761794172726976616C223A7B22646174654C6F63616C223A22323031332D30362D31365430353A30363A30302E303030222C2264617465557463223A22323031332D30362D31365430323A30363A30302E3030305A227D7D2C22666C696768744475726174696F6E73223A7B227363686564756C6564426C6F636B4D696E75746573223A3132352C22626C6F636B4D696E75746573223A3132342C226169724D696E75746573223A3130312C22746178694F75744D696E75746573223A31352C2274617869496E4D696E75746573223A387D2C22616972706F72745265736F7572636573223A7B226465706172747572655465726D696E616C223A2231222C2264657061727475726547617465223A2232222C226172726976616C5465726D696E616C223A2253227D2C22666C6967687445717569706D656E74223A7B227363686564756C656445717569706D656E7449617461436F6465223A22333333227D7D5D7D, '2013-09-05 18:00:41'),
	(2, 'A', 'UJ', '107', '2013-06-16', _binary 0x7B2272657175657374223A7B226169726C696E65223A7B22726571756573746564436F6465223A22554A222C226673436F6465223A22554A227D2C22666C69676874223A7B22726571756573746564223A22313037222C22696E746572707265746564223A22313037227D2C2264617465223A7B2279656172223A2232303133222C226D6F6E7468223A2236222C22646179223A223136222C22696E746572707265746564223A22323031332D30362D3136227D2C22757463223A7B22726571756573746564223A2274727565222C22696E746572707265746564223A747275657D2C22616972706F7274223A7B7D2C22636F646554797065223A7B7D2C22657874656E6465644F7074696F6E73223A7B7D2C2275726C223A2268747470733A5C2F5C2F6170692E666C6967687473746174732E636F6D5C2F666C65785C2F666C696768747374617475735C2F726573745C2F76325C2F6A736F6E5C2F666C696768745C2F7374617475735C2F554A5C2F3130375C2F6172725C2F323031335C2F30365C2F3136227D2C22617070656E646978223A7B226169726C696E6573223A5B7B226673223A22554A222C2269617461223A22554A222C226963616F223A224C4D55222C226E616D65223A22416C6D6173726961222C22616374697665223A747275657D5D2C22616972706F727473223A5B7B226673223A22434149222C2269617461223A22434149222C226963616F223A2248454341222C226E616D65223A22436169726F20496E7465726E6174696F6E616C20416972706F7274222C2263697479223A22436169726F222C2263697479436F6465223A22434149222C22636F756E747279436F6465223A224547222C22636F756E7472794E616D65223A224567797074222C22726567696F6E4E616D65223A224D6964646C652045617374222C2274696D655A6F6E65526567696F6E4E616D65223A224166726963615C2F436169726F222C226C6F63616C54696D65223A22323031332D30362D31365431333A31383A35302E323939222C227574634F6666736574486F757273223A322C226C61746974756465223A33302E3132303130362C226C6F6E676974756465223A33312E3430363436392C22656C65766174696F6E46656574223A3338322C22636C617373696669636174696F6E223A322C22616374697665223A747275652C2264656C6179496E64657855726C223A2268747470733A5C2F5C2F6170692E666C6967687473746174732E636F6D5C2F666C65785C2F64656C6179696E6465785C2F726573745C2F76315C2F6A736F6E5C2F616972706F7274735C2F4341493F636F6465547970653D6673222C227765617468657255726C223A2268747470733A5C2F5C2F6170692E666C6967687473746174732E636F6D5C2F666C65785C2F776561746865725C2F726573745C2F76315C2F6A736F6E5C2F616C6C5C2F4341493F636F6465547970653D6673227D2C7B226673223A22594E42222C2269617461223A22594E42222C226963616F223A224F45594E222C226E616D65223A2259616E627520416972706F7274222C2263697479223A2259616E6275222C2263697479436F6465223A22594E42222C22636F756E747279436F6465223A225341222C22636F756E7472794E616D65223A22536175646920417261626961222C22726567696F6E4E616D65223A224D6964646C652045617374222C2274696D655A6F6E65526567696F6E4E616D65223A22417369615C2F526979616468222C226C6F63616C54696D65223A22323031332D30362D31365431343A31383A35302E323939222C227574634F6666736574486F757273223A332C226C61746974756465223A32342E3134303733332C226C6F6E676974756465223A33382E3036333031392C22656C65766174696F6E46656574223A32362C22636C617373696669636174696F6E223A342C22616374697665223A747275652C2264656C6179496E64657855726C223A2268747470733A5C2F5C2F6170692E666C6967687473746174732E636F6D5C2F666C65785C2F64656C6179696E6465785C2F726573745C2F76315C2F6A736F6E5C2F616972706F7274735C2F594E423F636F6465547970653D6673222C227765617468657255726C223A2268747470733A5C2F5C2F6170692E666C6967687473746174732E636F6D5C2F666C65785C2F776561746865725C2F726573745C2F76315C2F6A736F6E5C2F616C6C5C2F594E423F636F6465547970653D6673227D5D2C2265717569706D656E7473223A5B7B2269617461223A22333231222C226E616D65223A2241697262757320496E647573747269652041333231222C22747572626F50726F70223A66616C73652C226A6574223A747275652C2277696465626F6479223A66616C73652C22726567696F6E616C223A66616C73657D2C7B2269617461223A2241333231222C226E616D65223A223F3F222C22747572626F50726F70223A66616C73652C226A6574223A66616C73652C2277696465626F6479223A66616C73652C22726567696F6E616C223A66616C73657D5D7D2C22666C696768745374617475736573223A5B7B22666C696768744964223A3330303035383634332C22636172726965724673436F6465223A22554A222C22666C696768744E756D626572223A22313037222C22646570617274757265416972706F72744673436F6465223A22594E42222C226172726976616C416972706F72744673436F6465223A22434149222C2264657061727475726544617465223A7B22646174654C6F63616C223A22323031332D30362D31365431323A33303A30302E303030222C2264617465557463223A22323031332D30362D31365430393A33303A30302E3030305A227D2C226172726976616C44617465223A7B22646174654C6F63616C223A22323031332D30362D31365431333A30353A30302E303030222C2264617465557463223A22323031332D30362D31365431313A30353A30302E3030305A227D2C22737461747573223A2253222C227363686564756C65223A7B22666C6967687454797065223A224A222C2273657276696365436C6173736573223A224A59222C227265737472696374696F6E73223A22227D2C226F7065726174696F6E616C54696D6573223A7B227075626C6973686564446570617274757265223A7B22646174654C6F63616C223A22323031332D30362D31365431323A33303A30302E303030222C2264617465557463223A22323031332D30362D31365430393A33303A30302E3030305A227D2C227075626C69736865644172726976616C223A7B22646174654C6F63616C223A22323031332D30362D31365431333A30353A30302E303030222C2264617465557463223A22323031332D30362D31365431313A30353A30302E3030305A227D2C227363686564756C656447617465446570617274757265223A7B22646174654C6F63616C223A22323031332D30362D31365431323A33303A30302E303030222C2264617465557463223A22323031332D30362D31365430393A33303A30302E3030305A227D2C227363686564756C6564476174654172726976616C223A7B22646174654C6F63616C223A22323031332D30362D31365431333A30353A30302E303030222C2264617465557463223A22323031332D30362D31365431313A30353A30302E3030305A227D2C22657374696D61746564476174654172726976616C223A7B22646174654C6F63616C223A22323031332D30362D31365431333A30303A30302E303030222C2264617465557463223A22323031332D30362D31365431313A30303A30302E3030305A227D7D2C22666C696768744475726174696F6E73223A7B227363686564756C6564426C6F636B4D696E75746573223A39357D2C22616972706F72745265736F7572636573223A7B226172726976616C5465726D696E616C223A2231227D2C22666C6967687445717569706D656E74223A7B227363686564756C656445717569706D656E7449617461436F6465223A22333231222C2261637475616C45717569706D656E7449617461436F6465223A2241333231222C227461696C4E756D626572223A2253552D544344227D7D5D7D, '2013-09-05 18:00:39');
/*!40000 ALTER TABLE `fs_flights` ENABLE KEYS */;


-- Dumping structure for table flight_status.fs_resources
DROP TABLE IF EXISTS `fs_resources`;
CREATE TABLE IF NOT EXISTS `fs_resources` (
  `fs_resource_id` int(10) NOT NULL AUTO_INCREMENT,
  `fs_flight_id` bigint(20) DEFAULT NULL,
  `departureTerminal` varchar(50) DEFAULT NULL,
  `arrivalTerminal` varchar(50) DEFAULT NULL,
  PRIMARY KEY (`fs_resource_id`),
  KEY `fs_flight_id` (`fs_flight_id`),
  CONSTRAINT `fs_resources_ibfk_1` FOREIGN KEY (`fs_flight_id`) REFERENCES `fs_flights` (`fs_flight_id`) ON DELETE CASCADE ON UPDATE CASCADE
) ENGINE=InnoDB AUTO_INCREMENT=4 DEFAULT CHARSET=utf8;

-- Dumping data for table flight_status.fs_resources: ~2 rows (approximately)
/*!40000 ALTER TABLE `fs_resources` DISABLE KEYS */;
INSERT INTO `fs_resources` (`fs_resource_id`, `fs_flight_id`, `departureTerminal`, `arrivalTerminal`) VALUES
	(1, 1, '1', 'S'),
	(3, 2, NULL, '1');
/*!40000 ALTER TABLE `fs_resources` ENABLE KEYS */;


-- Dumping structure for table flight_status.fs_states
DROP TABLE IF EXISTS `fs_states`;
CREATE TABLE IF NOT EXISTS `fs_states` (
  `fs_state_id` bigint(20) NOT NULL AUTO_INCREMENT,
  `fs_flight_id` bigint(20) DEFAULT NULL,
  `departureAirportFsCode` varchar(5) DEFAULT NULL,
  `arrivalAirportFsCode` varchar(5) DEFAULT NULL,
  `departureDate` datetime DEFAULT NULL,
  `arrivalDate` datetime DEFAULT NULL,
  `departureDateUTC` datetime DEFAULT NULL,
  `arrivalDateUTC` datetime DEFAULT NULL,
  `status` varchar(4) DEFAULT NULL,
  `flightType` varchar(1) DEFAULT NULL,
  `publishedDeparture` datetime DEFAULT NULL,
  `scheduledGateDeparture` datetime DEFAULT NULL,
  `estimatedGateDeparture` datetime DEFAULT NULL,
  `actualGateDeparture` datetime DEFAULT NULL,
  `scheduledGateArrival` datetime DEFAULT NULL,
  `estimatedGateArrival` datetime DEFAULT NULL,
  `actualRunwayArrival` datetime DEFAULT NULL,
  `publishedDepartureUTC` datetime DEFAULT NULL,
  `scheduledGateDepartureUTC` datetime DEFAULT NULL,
  `estimatedGateDepartureUTC` datetime DEFAULT NULL,
  `actualGateDepartureUTC` datetime DEFAULT NULL,
  `scheduledGateArrivalUTC` datetime DEFAULT NULL,
  `estimatedGateArrivalUTC` datetime DEFAULT NULL,
  `actualRunwayArrivalUTC` datetime DEFAULT NULL,
  `scheduledBlockMinutes` int(11) DEFAULT NULL,
  `blockMinutes` int(11) DEFAULT NULL,
  `flightId` bigint(20) DEFAULT NULL,
  PRIMARY KEY (`fs_state_id`),
  KEY `fs_flight_id` (`fs_flight_id`),
  KEY `status` (`status`),
  CONSTRAINT `fs_states_ibfk_1` FOREIGN KEY (`fs_flight_id`) REFERENCES `fs_flights` (`fs_flight_id`) ON DELETE CASCADE ON UPDATE CASCADE,
  CONSTRAINT `fs_states_ibfk_2` FOREIGN KEY (`status`) REFERENCES `fs_status` (`fs_status_id`)
) ENGINE=InnoDB AUTO_INCREMENT=4 DEFAULT CHARSET=utf8;

-- Dumping data for table flight_status.fs_states: ~2 rows (approximately)
/*!40000 ALTER TABLE `fs_states` DISABLE KEYS */;
INSERT INTO `fs_states` (`fs_state_id`, `fs_flight_id`, `departureAirportFsCode`, `arrivalAirportFsCode`, `departureDate`, `arrivalDate`, `departureDateUTC`, `arrivalDateUTC`, `status`, `flightType`, `publishedDeparture`, `scheduledGateDeparture`, `estimatedGateDeparture`, `actualGateDeparture`, `scheduledGateArrival`, `estimatedGateArrival`, `actualRunwayArrival`, `publishedDepartureUTC`, `scheduledGateDepartureUTC`, `estimatedGateDepartureUTC`, `actualGateDepartureUTC`, `scheduledGateArrivalUTC`, `estimatedGateArrivalUTC`, `actualRunwayArrivalUTC`, `scheduledBlockMinutes`, `blockMinutes`, `flightId`) VALUES
	(1, 1, 'CAI', 'JED', '2013-06-16 02:20:00', '2013-06-16 05:25:00', '2013-06-16 00:20:00', '2013-06-16 02:25:00', 'L', 'J', '2013-06-16 02:20:00', '2013-06-16 02:20:00', '2013-06-16 02:09:00', '2013-06-16 02:10:00', '2013-06-16 05:25:00', '2013-06-16 05:20:00', '2013-06-16 12:20:00', '2013-06-16 00:20:00', '2013-06-16 00:20:00', '2013-06-16 00:09:00', '2013-06-16 00:10:00', '2013-06-16 02:25:00', '2013-06-16 02:20:00', '2013-06-16 00:20:00', 125, NULL, 299985678),
	(3, 2, 'YNB', 'CAI', '2013-06-16 12:30:00', '2013-06-16 13:05:00', '2013-06-16 09:30:00', '2013-06-16 11:05:00', 'S', 'J', '2013-06-16 12:30:00', '2013-06-16 12:30:00', NULL, '2013-06-17 12:30:00', '2013-06-16 13:05:00', '2013-06-16 13:00:00', '2013-06-16 12:30:00', '2013-06-16 09:30:00', '2013-06-16 09:30:00', NULL, NULL, '2013-06-16 11:05:00', '2013-06-16 11:00:00', '2013-06-16 09:30:00', 95, NULL, 300058643);
/*!40000 ALTER TABLE `fs_states` ENABLE KEYS */;


-- Dumping structure for table flight_status.fs_status
DROP TABLE IF EXISTS `fs_status`;
CREATE TABLE IF NOT EXISTS `fs_status` (
  `fs_status_id` varchar(3) NOT NULL,
  `name_ar` varchar(50) DEFAULT NULL,
  `name_la` varchar(50) DEFAULT NULL,
  `color` varchar(7) DEFAULT NULL,
  PRIMARY KEY (`fs_status_id`)
) ENGINE=InnoDB DEFAULT CHARSET=utf8;

-- Dumping data for table flight_status.fs_status: ~9 rows (approximately)
/*!40000 ALTER TABLE `fs_status` DISABLE KEYS */;
INSERT INTO `fs_status` (`fs_status_id`, `name_ar`, `name_la`, `color`) VALUES
	('A', 'نشطة', 'Active', '0099ff'),
	('C', 'ملغاه', 'Canceled', 'FF0000'),
	('D', 'محولة', 'Diverted', 'FFCC99'),
	('DN', 'نقص بالبيانات', 'Data source needed', '4C3D2E'),
	('L', 'هبطت', 'Landed', '009933'),
	('NO', 'لا تعمل', 'Not Operational', '003366'),
	('R', 'إعادة التوجيه', 'Redirected', 'CC0066'),
	('S', 'مجدولة', 'Scheduled', '66FFCC'),
	('U', 'غير معروف', 'Unknown', 'CCFF66');
/*!40000 ALTER TABLE `fs_status` ENABLE KEYS */;


-- Dumping structure for trigger flight_status.update_fs_flights
DROP TRIGGER IF EXISTS `update_fs_flights`;
SET @OLDTMP_SQL_MODE=@@SQL_MODE, SQL_MODE='';
DELIMITER //
CREATE TRIGGER `update_fs_flights` AFTER UPDATE ON `fs_flights` FOR EACH ROW BEGIN
	
	SET @UO_SYSTEM_ID = 2;
	SET @EA_SYSTEM_ID = 3;
		
	IF (old.fs_status_id != new.fs_status_id) THEN
		
		
		SELECT scheduledBlockMinutes
				 ,blockMinutes 
				 ,scheduledGateDeparture
				 ,actualGateDeparture
				 ,safa_live.safa_trips.name
				 , safa_live.safa_uo_contracts.safa_uo_id
			    ,safa_live.safa_uo_contracts_eas.safa_ea_id
				 ,count(*)
		INTO @scheduled_time , @real_time, @sech_dept, @actual_dept, @trip_name, @uo_id, @ea_id, @nor
		
		FROM fs_flights
		
		LEFT JOIN fs_states 
		ON fs_flights.fs_flight_id = fs_states.fs_flight_id
		
		LEFT JOIN safa_live.safa_trip_externalsegments		
		ON fs_flights.fs_flight_id = safa_live.safa_trip_externalsegments.fs_flight_id
		
		LEFT JOIN safa_live.safa_trips
		ON safa_live.safa_trip_externalsegments.safa_trip_id = safa_live.safa_trips.safa_trip_id
		
		LEFT JOIN safa_live.safa_ea_packages
		ON (safa_live.safa_trips.safa_ea_package_id = safa_live.safa_ea_packages.safa_ea_package_id) 
	
		LEFT JOIN safa_live.safa_uo_contracts_eas
		ON (safa_live.safa_ea_packages.safa_uo_contract_ea_id = safa_live.safa_uo_contracts_eas.safa_uo_contract_ea_id) 			
		
		LEFT JOIN safa_live.safa_uo_contracts
		ON (safa_live.safa_uo_contracts_eas.safa_uo_contract_id = safa_live.safa_uo_contracts.safa_uo_contract_id)		
				
		WHERE fs_flights.fs_flight_id = OLD.fs_flight_id;
		
		
		IF ( @nor = 1 ) THEN 
			   /*
					SET @x = new.fs_status_id LIKE 'L';
				   SIGNAL SQLSTATE '45000'
         		SET MESSAGE_TEXT = @x;	
         	*/
				IF ( new.fs_status_id  LIKE 'L' AND @real_time IS NULL ) THEN 		
					SET @action1 = "هبطت";			
					SET @delay = "في الوقت المحدد";
				ELSEIF ( new.fs_status_id LIKE 'A' AND @sech_dept = @actual_dept ) THEN				
					SET @action1 = "اقلعت";			
					SET @delay = "في الوقت المحدد";			
				/* case of delay in departing */
				ELSEIF ( new.fs_status_id LIKE 'A' AND @sech_dept != @sech_dept  ) THEN					
					SET @action1 = "تأخر إقلاع";
					SET @delay = "لمدة";						
					SET @delay = CONCAT(@delay, ' ', TIMESTAMPDIFF(MINUTE , @sech_dept,  @actual_dept ), ' دقيقة');
				/* case of delay in arriving */			
				ELSEIF (new.fs_status_id LIKE 'L' AND @real_time > @scheduled_time) THEN		
					SET @action1 = "تأخر هبوط";
					SET @delay = "لمدة";			
					SET @delay = CONCAT(@delay, ' ', CAST(@real_time - @scheduled_time AS CHAR), ' دقيقة');		
				END IF;	
				
		      
				INSERT safa_live.erp_notification(msg_title, msg_content) 
				VALUES ('الرحلات الجوية', CONCAT(@action1 , ' طائرة رحلة ' , @trip_name, ' ', @delay));
				
				IF (LAST_INSERT_ID() IS NOT NULL) THEN
					
						SET @last_notification_id = LAST_INSERT_ID();
					   
						INSERT safa_live.erp_notification_detail(erp_notification_id, receiver_type , receiver_id)
						VALUES(@last_notification_id, @UO_SYSTEM_ID ,@uo_id);	
				
						INSERT safa_live.erp_notification_detail(erp_notification_id, receiver_type , receiver_id)
						VALUES(@last_notification_id, @EA_SYSTEM_ID ,@ea_id);				
						
				ELSE 			
				
					   SIGNAL SQLSTATE '45000'
         			SET MESSAGE_TEXT = 'CANT GET LAST INSERTED NOTIFICATION';			
         			
				END IF;	
		
		ELSEIF ( @nor > 1 ) THEN
		
				   SIGNAL SQLSTATE '45000'
         		SET MESSAGE_TEXT = 'FIND MULTIPLE TRIPS';	
		
		ELSE 
		
				   SIGNAL SQLSTATE '45000'
         		SET MESSAGE_TEXT = 'CANT FIND TRIP RELATED TO THIS FLIGHT STATUS';	
         		
		END IF;		
		
	END IF;

END//
DELIMITER ;
SET SQL_MODE=@OLDTMP_SQL_MODE;
/*!40101 SET SQL_MODE=IFNULL(@OLD_SQL_MODE, '') */;
/*!40014 SET FOREIGN_KEY_CHECKS=IF(@OLD_FOREIGN_KEY_CHECKS IS NULL, 1, @OLD_FOREIGN_KEY_CHECKS) */;
/*!40101 SET CHARACTER_SET_CLIENT=@OLD_CHARACTER_SET_CLIENT */;
